model,C,sadness_precision_train,sadness_precision_test,sadness_recall_train,sadness_recall_test,sadness_f1-score_train,sadness_f1-score_test,joy_precision_train,joy_precision_test,joy_recall_train,joy_recall_test,joy_f1-score_train,joy_f1-score_test,love_precision_train,love_precision_test,love_recall_train,love_recall_test,love_f1-score_train,love_f1-score_test,anger_precision_train,anger_precision_test,anger_recall_train,anger_recall_test,anger_f1-score_train,anger_f1-score_test,fear_precision_train,fear_precision_test,fear_recall_train,fear_recall_test,fear_f1-score_train,fear_f1-score_test,surprise_precision_train,surprise_precision_test,surprise_recall_train,surprise_recall_test,surprise_f1-score_train,surprise_f1-score_test,macro avg_precision_train,macro avg_precision_test,macro avg_recall_train,macro avg_recall_test,macro avg_f1-score_train,macro avg_f1-score_test,weighted avg_precision_train,weighted avg_precision_test,weighted avg_recall_train,weighted avg_recall_test,weighted avg_f1-score_train,weighted avg_f1-score_test
LinearSVC,0.085,0.9944084171519323,0.9365534761993408,0.9932253800396563,0.9406116994951994,0.9938165465247009,0.9385782011325227,0.9865564180447745,0.9045500561907327,0.989785553047404,0.9220369791814593,0.988168347512536,0.9132098117170505,0.9650572541612561,0.7784034733267421,0.9506919409233632,0.6976690425736852,0.9578207381370827,0.7358283554797026,0.9863290786077981,0.8985675481159892,0.988328207995527,0.899904671115348,0.9873276313492756,0.8992356125554705,0.9762688962080905,0.8566927361728465,0.9744584000674366,0.8494518675555803,0.9753628079649005,0.8530569367602773,0.9464617015637424,0.7252662974009374,0.9568595927116827,0.7572064056939501,0.9516322451698868,0.7408922742110989,0.9758469609562658,0.8500055979010982,0.9755581791308451,0.8444801109358705,0.975688052776397,0.8468001986426871,0.9844240506874126,0.8906276302981029,0.9844340799600776,0.8915155450773655,0.9844223694375307,0.8908445095328629
