model,C,accuracy_train,accuracy_test,balanced_accuracy_train,balanced_accuracy_test,precision_train,precision_test,weighted_precision_train,weighted_precision_test,recall_train,recall_test,weighted_recall_train,weighted_recall_test,f1_train,f1_test,weighted_f1_train,weighted_f1_test
LinearSVC,0.085,0.9844340799600776,0.8915155450773655,0.9755581791308451,0.8444801109358705,0.9758469609562658,0.8500055979010982,0.9844240506874126,0.8906276302981029,0.9755581791308451,0.8444801109358705,0.9844340799600776,0.8915155450773655,0.975688052776397,0.8468001986426871,0.9844223694375307,0.8908445095328629
